[
  {
    "Id": "505695",
    "ThreadId": "230499",
    "Html": "<p>How to use it?</p>\r\n<p>Could you give some demo codes?</p>",
    "PostedDate": "2010-10-11T17:06:47.653-07:00",
    "UserRole": null,
    "MarkedAsAnswerDate": null
  },
  {
    "Id": "944092",
    "ThreadId": "230499",
    "Html": "\r\n<blockquote style=\"border:solid .1em #ccc; font-style:italic; margin:.25em 1em 0 1em; padding:0 .25em 0 .25em\">\r\n<strong>rqx110 wrote:</strong><br>\r\n<p>How to use it?</p>\r\n<p>Could you give some demo codes?</p>\r\n</blockquote>\r\n<p>&nbsp;</p>\r\n<p>http://www.youtube.com/watch?v=70owuWzc158</p>\r\n",
    "PostedDate": "2012-11-19T09:27:41.9-08:00",
    "UserRole": null,
    "MarkedAsAnswerDate": null
  },
  {
    "Id": "944098",
    "ThreadId": "230499",
    "Html": "\r\n<p>Is there a way to get feedback from the command:<br>\r\n<br>\r\nUpdateVB1.checkforupdate(&quot;url/version.txt&quot;, &quot;1.0&quot;, &quot;url/setup.exe&quot;, &quot;&quot;, &quot;&quot;, True)<br>\r\n<br>\r\nIt does work just fine but i want to know if it did or did NOT found any update so i can give the user corresponding\r\n<span id=\"result_box\" lang=\"en\"><span>info.<br>\r\n</span></span></p>\r\n",
    "PostedDate": "2012-11-19T09:32:18.59-08:00",
    "UserRole": null,
    "MarkedAsAnswerDate": null
  },
  {
    "Id": "989964",
    "ThreadId": "230499",
    "Html": "\r\n<p>Hello!</p>\r\n<p>I use updateVB 2.3, but i can do anything I want, the program show every time the button for a new update. how i must write the text for the current version in my script and in my version file?</p>\r\n<p>currently it&acute;s look like this:</p>\r\n<p>in my VBA project:&nbsp; UpdateVB1.checkforupdate(&quot;URL/Version.txt&quot;, &quot;1.0.0.1&quot;, &quot;URL/update.exe&quot;)</p>\r\n<p>in the Version.txt: 1.0.0.2</p>\r\n<p>when I set the current Version in my Project &quot;1.0.0.3&quot; is the Update-Button also visible. I think this is wrong. Maybe you can help me, how i do it right.</p>\r\n<p>best wishes,</p>\r\n<p>Hermann</p>\r\n",
    "PostedDate": "2013-01-21T12:56:13.037-08:00",
    "UserRole": null,
    "MarkedAsAnswerDate": null
  }
]