[
  {
    "Id": "1079660",
    "ThreadId": "453176",
    "Html": "Not sure if i am missing anything, checked the documentation here on codeplex and checked your youtube video.<br />\nBut whenever i try to add it to a form i get<br />\n<br />\nOverload resolution failed because no accessible 'checkforupdate' accepts this number of arguments.\t<br />\n<br />\nEdit : probably not going to be a problem, but i am using VB2012<br />\n",
    "PostedDate": "2013-08-12T09:06:53.563-07:00",
    "UserRole": null,
    "MarkedAsAnswerDate": null
  }
]