[
  {
    "Id": "0",
    "Name": "UpdateVB 2.4 Alpha Release",
    "DevelopmentStatus": "Alpha",
    "Description": "This release re-programs the actual algorithm that detects updates by a little bit, so it should work a little bit faster.\nIt also introduces the ability to show the actual download UI, and supports usernames and passwords for FTP servers.\n\nThis is an ALPHA release and is not guaranteed to work 100% perfectly.",
    "ReleasedDatge": "0001-01-01T00:00:00",
    "ModifiedDate": "2011-10-01T15:26:55.443-07:00",
    "Files": [
      {
        "Id": "31962d5d-60d2-4837-b015-b3ef6fe22d8f",
        "FileName": "UpdateVB 2.4.dll",
        "Url": "./0/31962d5d-60d2-4837-b015-b3ef6fe22d8f",
        "Type": "Application",
        "UploadDate": "2011-08-13T12:30:11.083-07:00"
      },
      {
        "Id": "70aea51a-d6b9-41dd-9527-9bb08efa4b9f",
        "FileName": "UpdateVB 2.0.zip",
        "Url": "./0/70aea51a-d6b9-41dd-9527-9bb08efa4b9f",
        "Type": "Source Code",
        "UploadDate": "2011-08-13T12:30:11.113-07:00"
      }
    ]
  },
  {
    "Id": "1",
    "Name": "UpdateVB 2.3",
    "DevelopmentStatus": "Stable",
    "Description": "This release removes a few lines of unneeded code, and changes the downloading a bit.. So it becomes more stable.",
    "ReleasedDatge": "0001-01-01T00:00:00",
    "ModifiedDate": "2011-06-07T13:58:20.03-07:00",
    "Files": [
      {
        "Id": "d9a20426-32b0-41dc-b86a-8eb520573afd",
        "FileName": "UpdateVB 2.3.dll",
        "Url": "./1/d9a20426-32b0-41dc-b86a-8eb520573afd",
        "Type": "Application",
        "UploadDate": "2011-06-07T13:58:19.717-07:00"
      }
    ]
  },
  {
    "Id": "2",
    "Name": "UpdateVB 2.2",
    "DevelopmentStatus": "Stable",
    "Description": "This release fixes several bugs had in version 2.1, including the dependency exception.",
    "ReleasedDatge": "0001-01-01T00:00:00",
    "ModifiedDate": "2011-03-20T22:04:19.82-07:00",
    "Files": [
      {
        "Id": "c690bacd-9ea1-445e-9b9e-df75ba6d1037",
        "FileName": "UpdateVB 2.0.dll",
        "Url": "./2/c690bacd-9ea1-445e-9b9e-df75ba6d1037",
        "Type": "Application",
        "UploadDate": "2011-03-20T22:04:19.49-07:00"
      }
    ]
  },
  {
    "Id": "3",
    "Name": "UpdateVB 2.1",
    "DevelopmentStatus": "Stable",
    "Description": "This version fixes several bugs including the infinite spam of the updater executable.",
    "ReleasedDatge": "0001-01-01T00:00:00",
    "ModifiedDate": "2011-03-20T11:25:09.663-07:00",
    "Files": [
      {
        "Id": "2a3db8cb-1cc1-449b-a3a0-fc03ef33fd05",
        "FileName": "UpdateVB 2.0.dll",
        "Url": "./3/2a3db8cb-1cc1-449b-a3a0-fc03ef33fd05",
        "Type": "Application",
        "UploadDate": "2011-03-20T11:25:09.037-07:00"
      }
    ]
  },
  {
    "Id": "4",
    "Name": "UpdateVB 2.0",
    "DevelopmentStatus": "Beta",
    "Description": "This is update version 2.0, which is completely BETA.\nThis turns UpdateVB into a component rather than a library, so it can be implemented into any project quickly and easily.",
    "ReleasedDatge": "0001-01-01T00:00:00",
    "ModifiedDate": "2011-03-19T22:08:46.633-07:00",
    "Files": [
      {
        "Id": "3fd48118-2875-4777-b55f-877ed8f8b0ab",
        "FileName": "UpdateVB 2.0.dll",
        "Url": "./4/3fd48118-2875-4777-b55f-877ed8f8b0ab",
        "Type": "Application",
        "UploadDate": "2011-03-19T22:08:46.4-07:00"
      }
    ]
  },
  {
    "Id": "5",
    "Name": "UpdateVB 1.3",
    "DevelopmentStatus": "Stable",
    "Description": "UpdateVB 1.3 deletes some functionality in order to make room for bug fixes.",
    "ReleasedDatge": "0001-01-01T00:00:00",
    "ModifiedDate": "2011-01-29T21:21:32.093-08:00",
    "Files": [
      {
        "Id": "7f29fccd-886f-4c37-b6d8-6d9f6f5d0eeb",
        "FileName": "UpdateVB.dll",
        "Url": "./5/7f29fccd-886f-4c37-b6d8-6d9f6f5d0eeb",
        "Type": "Application",
        "UploadDate": "2011-01-29T21:21:31.843-08:00"
      },
      {
        "Id": "68cd175b-d174-4264-9411-410556ea2592",
        "FileName": "UpdateVB.zip",
        "Url": "./5/68cd175b-d174-4264-9411-410556ea2592",
        "Type": "Source Code",
        "UploadDate": "2011-01-29T21:21:31.86-08:00"
      }
    ]
  },
  {
    "Id": "6",
    "Name": "UpdateVB 1.2",
    "DevelopmentStatus": "Beta",
    "Description": "UpdateVB 1.2 adds several new features including support for progressbars! It also removes a few pre-programmed messageboxes to allow for the user to specify their own.\nThis release is RECOMMENDED FOR MORE ADVANCED USERS!",
    "ReleasedDatge": "0001-01-01T00:00:00",
    "ModifiedDate": "2011-01-16T14:49:18.14-08:00",
    "Files": [
      {
        "Id": "a1b503af-702d-44d4-8d58-84a6183ffea9",
        "FileName": "UpdateVB.dll",
        "Url": "./6/a1b503af-702d-44d4-8d58-84a6183ffea9",
        "Type": "Application",
        "UploadDate": "2010-12-30T17:14:11.633-08:00"
      },
      {
        "Id": "88df9740-93a8-45ff-bb8c-55bce202f70f",
        "FileName": "UpdateVB.sln",
        "Url": "./6/88df9740-93a8-45ff-bb8c-55bce202f70f",
        "Type": "Source Code",
        "UploadDate": "2010-12-30T17:14:11.65-08:00"
      }
    ]
  },
  {
    "Id": "7",
    "Name": "UpdateVB 1.1",
    "DevelopmentStatus": "Stable",
    "Description": "This fixes a few errors pertaining to the deletion of the updater files.",
    "ReleasedDatge": "0001-01-01T00:00:00",
    "ModifiedDate": "2011-01-16T14:49:28.71-08:00",
    "Files": [
      {
        "Id": "32d597e4-f78c-4718-aaef-f51b107ae0e7",
        "FileName": "UpdateVB.dll",
        "Url": "./7/32d597e4-f78c-4718-aaef-f51b107ae0e7",
        "Type": "Application",
        "UploadDate": "2010-08-10T18:05:11.977-07:00"
      }
    ]
  },
  {
    "Id": "8",
    "Name": "UpdateVB 1.0",
    "DevelopmentStatus": "Beta",
    "Description": "UpdateVB 1.0 Contains all the basic framework for the updatevb project. This is the limited coding that started the project and contains no fixes, as none are known.",
    "ReleasedDatge": "0001-01-01T00:00:00",
    "ModifiedDate": "2010-08-09T10:25:02.993-07:00",
    "Files": [
      {
        "Id": "6421dfa3-5803-4f29-8496-6a5ad21ef211",
        "FileName": "UpdateVB.dll",
        "Url": "./8/6421dfa3-5803-4f29-8496-6a5ad21ef211",
        "Type": "Application",
        "UploadDate": "2010-08-09T10:25:02.947-07:00"
      },
      {
        "Id": "ae22951c-f2b2-4499-b7ed-cbefd3675392",
        "FileName": "UpdateVB.sln",
        "Url": "./8/ae22951c-f2b2-4499-b7ed-cbefd3675392",
        "Type": "Source Code",
        "UploadDate": "2010-08-09T10:25:02.963-07:00"
      }
    ]
  },
  {
    "Id": "9",
    "Name": "UpdateVB 2.5 BETA",
    "DevelopmentStatus": "Beta",
    "Description": "UpdateVB 2.5 Addresses a few concerns that users were having with the \"File Password\" functionality. In order to solve this problem, we have made this field an unrequired field. \n\nPlease note that as this release is a BETA release, not everything will be working 100% properly",
    "ReleasedDatge": "0001-01-01T00:00:00",
    "ModifiedDate": "2012-08-30T16:25:26.223-07:00",
    "Files": [
      {
        "Id": "d0082367-8c97-44e2-96f1-2538ef3cf47a",
        "FileName": "UpdateVB 2.5.dll",
        "Url": "./9/d0082367-8c97-44e2-96f1-2538ef3cf47a",
        "Type": "Application",
        "UploadDate": "2012-08-30T16:25:25.457-07:00"
      },
      {
        "Id": "db4b5fd2-8fb7-4867-92d4-d50e21d3fc7e",
        "FileName": "UpdateVB 2.5 SRC.zip",
        "Url": "./9/db4b5fd2-8fb7-4867-92d4-d50e21d3fc7e",
        "Type": "Source Code",
        "UploadDate": "2012-08-30T16:25:25.503-07:00"
      }
    ]
  }
]